tavg,rh_avg,rr,tma,slr,wx,wy,max_wx,max_wy,sin_day,cos_day,wavelet_ca3,wavelet_cd3,wavelet_cd2,wavelet_cd1
23.511401882487167,77.76361950941244,6.436351968054764,98.86999429549343,10.098371363377067,0.07294528111504414,-0.4163542256872336,0.14575922128028354,-0.7475916077670377,0.0056585431661154125,0.007824310976689773,98.86998219638926,9.81364993495739e-06,1.163331540359928e-06,1.1221227132246642e-06
